summary_path,summary_version,experiment_title,algorithm,seed,dataset,preprocess,ways,shots,query_shots,train_domains,test_domain,fault_labels,selected_labels,label_pool,label_sampling_mode,deployment_eval_episode_count,deployment_type,deployment_backend,accuracy,primary_accuracy_protocol,avg_latency_ms,loss,episodic_target_accuracy,episodic_target_loss,pre_prune_accuracy,pre_prune_loss,post_recovery_accuracy,post_recovery_loss,baseline_deployment_accuracy,baseline_deployment_loss,baseline_avg_latency_ms,baseline_int8_accuracy,baseline_int8_loss,baseline_int8_avg_latency_ms,prune_only_accuracy,prune_only_loss,prune_only_avg_latency_ms,float_accuracy,float_loss,float_avg_latency_ms,int8_accuracy,int8_loss,int8_avg_latency_ms,providers,runtime_backend,baseline_float_model_path,baseline_int8_model_path,prune_only_model_path,float_model_path,int8_model_path,baseline_prototype_path,prototype_path,baseline_float_model_size_mb,baseline_int8_model_size_mb,prune_only_model_size_mb,float_model_size_mb,int8_model_size_mb,baseline_prototype_size_mb,prototype_size_mb,baseline_float_model_size_bytes,baseline_int8_model_size_bytes,prune_only_model_size_bytes,float_model_size_bytes,int8_model_size_bytes,baseline_prototype_size_bytes,prototype_size_bytes,baseline_params,pruned_params,parameter_reduction_ratio,prune_ratio,latency_semantics
/root/workspace/MAML-Edge/deploy_artifacts/CNN_CWRU_FFT_5w10s10q_source012_target3_labels0123456789/compression_summary.json,3,CNN_CWRU_FFT_5w10s10q_source012_target3_labels0123456789,cnn,42,CWRU,FFT,5,10,10,"0,1,2",3,"0,1,2,3,4,5,6,7,8,9","0,1,5,7,8","0,1,2,3,4,5,6,7,8,9",random_per_episode,1,classifier,onnxruntime,0.7360672975814931,deployment_int8,0.3122639716000587,0.572912871837616,0.9305993318557739,0.14749900996685028,0.9305993318557739,0.14749900996685028,0.8790746331214905,0.29980459809303284,0.9148264984227129,0.18923501670360565,1.0674062716754078,0.9116719242902208,0.18706665933132172,0.7064376559135916,0.9169295478443743,0.22460892796516418,0.8481798387993398,0.7339642481598317,0.5666387677192688,0.9110841898151628,0.7360672975814931,0.572912871837616,0.3122639716000587,CPUExecutionProvider,onnxruntime,/root/workspace/MAML-Edge/deploy_artifacts/CNN_CWRU_FFT_5w10s10q_source012_target3_labels0123456789/CNN_CWRU_FFT_5w10s10q_source012_target3_labels0123456789_baseline_float.onnx,/root/workspace/MAML-Edge/deploy_artifacts/CNN_CWRU_FFT_5w10s10q_source012_target3_labels0123456789/CNN_CWRU_FFT_5w10s10q_source012_target3_labels0123456789_baseline_int8.onnx,/root/workspace/MAML-Edge/deploy_artifacts/CNN_CWRU_FFT_5w10s10q_source012_target3_labels0123456789/CNN_CWRU_FFT_5w10s10q_source012_target3_labels0123456789_prune_only_float.onnx,/root/workspace/MAML-Edge/deploy_artifacts/CNN_CWRU_FFT_5w10s10q_source012_target3_labels0123456789/CNN_CWRU_FFT_5w10s10q_source012_target3_labels0123456789_float.onnx,/root/workspace/MAML-Edge/deploy_artifacts/CNN_CWRU_FFT_5w10s10q_source012_target3_labels0123456789/CNN_CWRU_FFT_5w10s10q_source012_target3_labels0123456789_int8.onnx,,,0.230494,0.070568,0.121092,0.121092,0.042218,,,241690,73996,126974,126974,44269,,,59978,31170,0.480309446797159,0.4,"deployment-layer inference latency from compression summary, not system-layer end-to-end latency"
/root/workspace/MAML-Edge/deploy_artifacts/CNN_CWRU_FFT_5w15s15q_source012_target3_labels0123456789/compression_summary.json,3,CNN_CWRU_FFT_5w15s15q_source012_target3_labels0123456789,cnn,42,CWRU,FFT,5,15,15,"0,1,2",3,"0,1,2,3,4,5,6,7,8,9","0,1,5,7,8","0,1,2,3,4,5,6,7,8,9",random_per_episode,1,classifier,onnxruntime,0.6382754994742377,deployment_int8,0.2142590736004707,1.0018556118011475,0.902208149433136,0.16303886473178864,0.902208149433136,0.16303886473178864,0.7665614485740662,0.4621802866458893,0.9190325972660357,0.16040967404842377,1.1826328165460962,0.9242902208201893,0.1600819081068039,0.7160900691455597,0.9190325972660357,0.18865256011486053,0.8208677084523045,0.6319663512092534,1.0714865922927856,0.8460183752275666,0.6382754994742377,1.0018556118011475,0.2142590736004707,CPUExecutionProvider,onnxruntime,/root/workspace/MAML-Edge/deploy_artifacts/CNN_CWRU_FFT_5w15s15q_source012_target3_labels0123456789/CNN_CWRU_FFT_5w15s15q_source012_target3_labels0123456789_baseline_float.onnx,/root/workspace/MAML-Edge/deploy_artifacts/CNN_CWRU_FFT_5w15s15q_source012_target3_labels0123456789/CNN_CWRU_FFT_5w15s15q_source012_target3_labels0123456789_baseline_int8.onnx,/root/workspace/MAML-Edge/deploy_artifacts/CNN_CWRU_FFT_5w15s15q_source012_target3_labels0123456789/CNN_CWRU_FFT_5w15s15q_source012_target3_labels0123456789_prune_only_float.onnx,/root/workspace/MAML-Edge/deploy_artifacts/CNN_CWRU_FFT_5w15s15q_source012_target3_labels0123456789/CNN_CWRU_FFT_5w15s15q_source012_target3_labels0123456789_float.onnx,/root/workspace/MAML-Edge/deploy_artifacts/CNN_CWRU_FFT_5w15s15q_source012_target3_labels0123456789/CNN_CWRU_FFT_5w15s15q_source012_target3_labels0123456789_int8.onnx,,,0.230494,0.070568,0.121092,0.121092,0.042218,,,241690,73996,126974,126974,44269,,,59978,31170,0.480309446797159,0.4,"deployment-layer inference latency from compression summary, not system-layer end-to-end latency"
/root/workspace/MAML-Edge/deploy_artifacts/CNN_CWRU_FFT_5w5s5q_source012_target3_labels0123456789/compression_summary.json,3,CNN_CWRU_FFT_5w5s5q_source012_target3_labels0123456789,cnn,42,CWRU,FFT,5,5,5,"0,1,2",3,"0,1,2,3,4,5,6,7,8,9","0,1,5,7,8","0,1,2,3,4,5,6,7,8,9",random_per_episode,1,classifier,onnxruntime,0.7970557308096741,deployment_int8,0.2195687884255288,0.5567567944526672,0.7329126596450806,0.8759583234786987,0.7329126596450806,0.8759583234786987,0.7697160243988037,0.6972574591636658,0.85068349106204,0.25947514176368713,1.2193478303094767,0.8401682439537329,0.27013811469078064,0.46624750541337034,0.8885383806519453,0.27977484464645386,0.9657037282826773,0.8012618296529969,0.5478246808052063,0.9289964520373429,0.7970557308096741,0.5567567944526672,0.2195687884255288,CPUExecutionProvider,onnxruntime,/root/workspace/MAML-Edge/deploy_artifacts/CNN_CWRU_FFT_5w5s5q_source012_target3_labels0123456789/CNN_CWRU_FFT_5w5s5q_source012_target3_labels0123456789_baseline_float.onnx,/root/workspace/MAML-Edge/deploy_artifacts/CNN_CWRU_FFT_5w5s5q_source012_target3_labels0123456789/CNN_CWRU_FFT_5w5s5q_source012_target3_labels0123456789_baseline_int8.onnx,/root/workspace/MAML-Edge/deploy_artifacts/CNN_CWRU_FFT_5w5s5q_source012_target3_labels0123456789/CNN_CWRU_FFT_5w5s5q_source012_target3_labels0123456789_prune_only_float.onnx,/root/workspace/MAML-Edge/deploy_artifacts/CNN_CWRU_FFT_5w5s5q_source012_target3_labels0123456789/CNN_CWRU_FFT_5w5s5q_source012_target3_labels0123456789_float.onnx,/root/workspace/MAML-Edge/deploy_artifacts/CNN_CWRU_FFT_5w5s5q_source012_target3_labels0123456789/CNN_CWRU_FFT_5w5s5q_source012_target3_labels0123456789_int8.onnx,,,0.230494,0.070568,0.121092,0.121092,0.042218,,,241690,73996,126974,126974,44269,,,59978,31170,0.480309446797159,0.4,"deployment-layer inference latency from compression summary, not system-layer end-to-end latency"
/root/workspace/MAML-Edge/deploy_artifacts/CNN_CWRU_STFT_5w10s10q_source012_target3_labels0123456789/compression_summary.json,3,CNN_CWRU_STFT_5w10s10q_source012_target3_labels0123456789,cnn,42,CWRU,STFT,5,10,10,"0,1,2",3,"0,1,2,3,4,5,6,7,8,9","0,1,5,7,8","0,1,2,3,4,5,6,7,8,9",random_per_episode,1,classifier,onnxruntime,0.9800210304942166,deployment_int8,3.319861576916918,0.34932616353034973,0.9779179096221924,0.22752505540847778,0.9779179096221924,0.22752505540847778,0.9810724854469299,0.33242809772491455,0.9831756046267087,0.22763453423976898,2.7818779610920026,0.9831756046267087,0.2387860268354416,2.887955920616034,0.8874868559411146,0.8394960165023804,2.7850427969381384,0.9789695057833859,0.33347055315971375,3.137206052528884,0.9800210304942166,0.34932616353034973,3.319861576916918,CPUExecutionProvider,onnxruntime,/root/workspace/MAML-Edge/deploy_artifacts/CNN_CWRU_STFT_5w10s10q_source012_target3_labels0123456789/CNN_CWRU_STFT_5w10s10q_source012_target3_labels0123456789_baseline_float.onnx,/root/workspace/MAML-Edge/deploy_artifacts/CNN_CWRU_STFT_5w10s10q_source012_target3_labels0123456789/CNN_CWRU_STFT_5w10s10q_source012_target3_labels0123456789_baseline_int8.onnx,/root/workspace/MAML-Edge/deploy_artifacts/CNN_CWRU_STFT_5w10s10q_source012_target3_labels0123456789/CNN_CWRU_STFT_5w10s10q_source012_target3_labels0123456789_prune_only_float.onnx,/root/workspace/MAML-Edge/deploy_artifacts/CNN_CWRU_STFT_5w10s10q_source012_target3_labels0123456789/CNN_CWRU_STFT_5w10s10q_source012_target3_labels0123456789_float.onnx,/root/workspace/MAML-Edge/deploy_artifacts/CNN_CWRU_STFT_5w10s10q_source012_target3_labels0123456789/CNN_CWRU_STFT_5w10s10q_source012_target3_labels0123456789_int8.onnx,,,0.436068,0.127833,0.158854,0.158854,0.056937,,,457250,134043,166570,166570,59703,,,113738,40860,0.6407533102393219,0.4,"deployment-layer inference latency from compression summary, not system-layer end-to-end latency"
/root/workspace/MAML-Edge/deploy_artifacts/CNN_CWRU_STFT_5w15s15q_source012_target3_labels0123456789/compression_summary.json,3,CNN_CWRU_STFT_5w15s15q_source012_target3_labels0123456789,cnn,42,CWRU,STFT,5,15,15,"0,1,2",3,"0,1,2,3,4,5,6,7,8,9","0,1,5,7,8","0,1,2,3,4,5,6,7,8,9",random_per_episode,1,classifier,onnxruntime,0.9169295478443743,deployment_int8,2.5921715100292904,0.45501983165740967,0.9831755757331848,0.22316871583461761,0.9831755757331848,0.22316871583461761,0.9232386350631714,0.4205904006958008,0.9831756046267087,0.2201830893754959,2.71812869974272,0.982124079915878,0.2223421037197113,2.8879840414653817,0.8843322818086226,0.7987067103385925,3.2677737708065413,0.9211356466876972,0.4313620328903198,2.488899757629251,0.9169295478443743,0.45501983165740967,2.5921715100292904,CPUExecutionProvider,onnxruntime,/root/workspace/MAML-Edge/deploy_artifacts/CNN_CWRU_STFT_5w15s15q_source012_target3_labels0123456789/CNN_CWRU_STFT_5w15s15q_source012_target3_labels0123456789_baseline_float.onnx,/root/workspace/MAML-Edge/deploy_artifacts/CNN_CWRU_STFT_5w15s15q_source012_target3_labels0123456789/CNN_CWRU_STFT_5w15s15q_source012_target3_labels0123456789_baseline_int8.onnx,/root/workspace/MAML-Edge/deploy_artifacts/CNN_CWRU_STFT_5w15s15q_source012_target3_labels0123456789/CNN_CWRU_STFT_5w15s15q_source012_target3_labels0123456789_prune_only_float.onnx,/root/workspace/MAML-Edge/deploy_artifacts/CNN_CWRU_STFT_5w15s15q_source012_target3_labels0123456789/CNN_CWRU_STFT_5w15s15q_source012_target3_labels0123456789_float.onnx,/root/workspace/MAML-Edge/deploy_artifacts/CNN_CWRU_STFT_5w15s15q_source012_target3_labels0123456789/CNN_CWRU_STFT_5w15s15q_source012_target3_labels0123456789_int8.onnx,,,0.436068,0.127833,0.158854,0.158854,0.056937,,,457250,134043,166570,166570,59703,,,113738,40860,0.6407533102393219,0.4,"deployment-layer inference latency from compression summary, not system-layer end-to-end latency"
/root/workspace/MAML-Edge/deploy_artifacts/CNN_CWRU_STFT_5w5s5q_source012_target3_labels0123456789/compression_summary.json,3,CNN_CWRU_STFT_5w5s5q_source012_target3_labels0123456789,cnn,42,CWRU,STFT,5,5,5,"0,1,2",3,"0,1,2,3,4,5,6,7,8,9","0,1,5,7,8","0,1,2,3,4,5,6,7,8,9",random_per_episode,1,classifier,onnxruntime,0.9894847528916929,deployment_int8,3.5321787391425934,0.37659555673599243,0.9905362129211426,0.20926225185394287,0.9905362129211426,0.20926225185394287,0.9842270612716675,0.3798713684082031,0.9905362776025236,0.20792904496192932,2.7751050151093275,0.9905362776025236,0.21603704988956451,2.8898235729706525,0.900105152471083,0.8439089059829712,3.1137372691235203,0.9852786540483701,0.375659704208374,3.1404413075257804,0.9894847528916929,0.37659555673599243,3.5321787391425934,CPUExecutionProvider,onnxruntime,/root/workspace/MAML-Edge/deploy_artifacts/CNN_CWRU_STFT_5w5s5q_source012_target3_labels0123456789/CNN_CWRU_STFT_5w5s5q_source012_target3_labels0123456789_baseline_float.onnx,/root/workspace/MAML-Edge/deploy_artifacts/CNN_CWRU_STFT_5w5s5q_source012_target3_labels0123456789/CNN_CWRU_STFT_5w5s5q_source012_target3_labels0123456789_baseline_int8.onnx,/root/workspace/MAML-Edge/deploy_artifacts/CNN_CWRU_STFT_5w5s5q_source012_target3_labels0123456789/CNN_CWRU_STFT_5w5s5q_source012_target3_labels0123456789_prune_only_float.onnx,/root/workspace/MAML-Edge/deploy_artifacts/CNN_CWRU_STFT_5w5s5q_source012_target3_labels0123456789/CNN_CWRU_STFT_5w5s5q_source012_target3_labels0123456789_float.onnx,/root/workspace/MAML-Edge/deploy_artifacts/CNN_CWRU_STFT_5w5s5q_source012_target3_labels0123456789/CNN_CWRU_STFT_5w5s5q_source012_target3_labels0123456789_int8.onnx,,,0.436068,0.127833,0.158854,0.158854,0.056937,,,457250,134043,166570,166570,59703,,,113738,40860,0.6407533102393219,0.4,"deployment-layer inference latency from compression summary, not system-layer end-to-end latency"
/root/workspace/MAML-Edge/deploy_artifacts/CNN_CWRU_WT_5w10s10q_source012_target3_labels0123456789/compression_summary.json,3,CNN_CWRU_WT_5w10s10q_source012_target3_labels0123456789,cnn,42,CWRU,WT,5,10,10,"0,1,2",3,"0,1,2,3,4,5,6,7,8,9","0,1,5,7,8","0,1,2,3,4,5,6,7,8,9",random_per_episode,1,classifier,onnxruntime,0.9526813880126183,deployment_int8,3.3626510613802605,0.40249624848365784,0.9989483952522278,0.16948202252388,0.9989483952522278,0.16948202252388,0.9768664240837097,0.31538093090057373,0.9989484752891693,0.16896094381809235,2.619225897098628,0.9968454258675079,0.21963974833488464,2.688311096222055,0.907465825446898,0.7127150893211365,2.7519662509017184,0.9768664563617245,0.31547483801841736,2.878699640691531,0.9526813880126183,0.40249624848365784,3.3626510613802605,CPUExecutionProvider,onnxruntime,/root/workspace/MAML-Edge/deploy_artifacts/CNN_CWRU_WT_5w10s10q_source012_target3_labels0123456789/CNN_CWRU_WT_5w10s10q_source012_target3_labels0123456789_baseline_float.onnx,/root/workspace/MAML-Edge/deploy_artifacts/CNN_CWRU_WT_5w10s10q_source012_target3_labels0123456789/CNN_CWRU_WT_5w10s10q_source012_target3_labels0123456789_baseline_int8.onnx,/root/workspace/MAML-Edge/deploy_artifacts/CNN_CWRU_WT_5w10s10q_source012_target3_labels0123456789/CNN_CWRU_WT_5w10s10q_source012_target3_labels0123456789_prune_only_float.onnx,/root/workspace/MAML-Edge/deploy_artifacts/CNN_CWRU_WT_5w10s10q_source012_target3_labels0123456789/CNN_CWRU_WT_5w10s10q_source012_target3_labels0123456789_float.onnx,/root/workspace/MAML-Edge/deploy_artifacts/CNN_CWRU_WT_5w10s10q_source012_target3_labels0123456789/CNN_CWRU_WT_5w10s10q_source012_target3_labels0123456789_int8.onnx,,,0.436068,0.127834,0.158854,0.158854,0.056938,,,457250,134044,166570,166570,59704,,,113738,40860,0.6407533102393219,0.4,"deployment-layer inference latency from compression summary, not system-layer end-to-end latency"
/root/workspace/MAML-Edge/deploy_artifacts/CNN_CWRU_WT_5w15s15q_source012_target3_labels0123456789/compression_summary.json,3,CNN_CWRU_WT_5w15s15q_source012_target3_labels0123456789,cnn,42,CWRU,WT,5,15,15,"0,1,2",3,"0,1,2,3,4,5,6,7,8,9","0,1,5,7,8","0,1,2,3,4,5,6,7,8,9",random_per_episode,1,classifier,onnxruntime,0.9011566771819137,deployment_int8,3.4699816742498664,0.4325583577156067,0.9978969097137451,0.14467260241508484,0.9978969097137451,0.14467260241508484,0.8948474526405334,0.39833128452301025,0.9978969505783386,0.14438080787658691,2.674126230791352,0.9957939011566772,0.19801080226898193,2.7900402072805335,0.9716088328075709,0.6109846830368042,2.851679001579337,0.8927444794952681,0.3992054760456085,2.8026575765148447,0.9011566771819137,0.4325583577156067,3.4699816742498664,CPUExecutionProvider,onnxruntime,/root/workspace/MAML-Edge/deploy_artifacts/CNN_CWRU_WT_5w15s15q_source012_target3_labels0123456789/CNN_CWRU_WT_5w15s15q_source012_target3_labels0123456789_baseline_float.onnx,/root/workspace/MAML-Edge/deploy_artifacts/CNN_CWRU_WT_5w15s15q_source012_target3_labels0123456789/CNN_CWRU_WT_5w15s15q_source012_target3_labels0123456789_baseline_int8.onnx,/root/workspace/MAML-Edge/deploy_artifacts/CNN_CWRU_WT_5w15s15q_source012_target3_labels0123456789/CNN_CWRU_WT_5w15s15q_source012_target3_labels0123456789_prune_only_float.onnx,/root/workspace/MAML-Edge/deploy_artifacts/CNN_CWRU_WT_5w15s15q_source012_target3_labels0123456789/CNN_CWRU_WT_5w15s15q_source012_target3_labels0123456789_float.onnx,/root/workspace/MAML-Edge/deploy_artifacts/CNN_CWRU_WT_5w15s15q_source012_target3_labels0123456789/CNN_CWRU_WT_5w15s15q_source012_target3_labels0123456789_int8.onnx,,,0.436068,0.127834,0.158854,0.158854,0.056938,,,457250,134044,166570,166570,59704,,,113738,40860,0.6407533102393219,0.4,"deployment-layer inference latency from compression summary, not system-layer end-to-end latency"
/root/workspace/MAML-Edge/deploy_artifacts/CNN_CWRU_WT_5w5s5q_source012_target3_labels0123456789/compression_summary.json,3,CNN_CWRU_WT_5w5s5q_source012_target3_labels0123456789,cnn,42,CWRU,WT,5,5,5,"0,1,2",3,"0,1,2,3,4,5,6,7,8,9","0,1,5,7,8","0,1,2,3,4,5,6,7,8,9",random_per_episode,1,classifier,onnxruntime,0.9737118822292324,deployment_int8,3.3943602672291355,0.4003315269947052,0.9968453645706177,0.1585453301668167,0.9968453645706177,0.1585453301668167,0.9863301515579224,0.32166555523872375,0.9968454258675079,0.15803296864032745,2.7852480982348995,0.9957939011566772,0.19306540489196777,2.851037873634843,0.8527865404837014,0.7378535270690918,2.9228657922784866,0.9873817034700315,0.32123425602912903,2.8289116627206687,0.9737118822292324,0.4003315269947052,3.3943602672291355,CPUExecutionProvider,onnxruntime,/root/workspace/MAML-Edge/deploy_artifacts/CNN_CWRU_WT_5w5s5q_source012_target3_labels0123456789/CNN_CWRU_WT_5w5s5q_source012_target3_labels0123456789_baseline_float.onnx,/root/workspace/MAML-Edge/deploy_artifacts/CNN_CWRU_WT_5w5s5q_source012_target3_labels0123456789/CNN_CWRU_WT_5w5s5q_source012_target3_labels0123456789_baseline_int8.onnx,/root/workspace/MAML-Edge/deploy_artifacts/CNN_CWRU_WT_5w5s5q_source012_target3_labels0123456789/CNN_CWRU_WT_5w5s5q_source012_target3_labels0123456789_prune_only_float.onnx,/root/workspace/MAML-Edge/deploy_artifacts/CNN_CWRU_WT_5w5s5q_source012_target3_labels0123456789/CNN_CWRU_WT_5w5s5q_source012_target3_labels0123456789_float.onnx,/root/workspace/MAML-Edge/deploy_artifacts/CNN_CWRU_WT_5w5s5q_source012_target3_labels0123456789/CNN_CWRU_WT_5w5s5q_source012_target3_labels0123456789_int8.onnx,,,0.436068,0.127834,0.158854,0.158854,0.056937,,,457250,134044,166570,166570,59703,,,113738,40860,0.6407533102393219,0.4,"deployment-layer inference latency from compression summary, not system-layer end-to-end latency"
/root/workspace/MAML-Edge/deploy_artifacts/MAML_CWRU_FFT_5w10s_source012_target3_labels0123456789/compression_summary.json,3,MAML_CWRU_FFT_5w10s_source012_target3_labels0123456789,maml,42,CWRU,FFT,5,10,10,"0,1,2",3,"0,1,2,3,4,5,6,7,8,9","0,1,5,7,8","0,1,2,3,4,5,6,7,8,9",random_per_episode,1,classifier,onnxruntime,0.9926393270241851,deployment_int8,0.2956513724790261,0.05707292631268501,0.941999980211258,0.27577475358964876,0.941999980211258,0.27577475358964876,0.9463999831676483,0.22195584397763013,0.9968454258675079,0.04185129702091217,1.2683741303726828,0.9968454258675079,0.04221207648515701,0.47426056273508777,0.9894847528916929,0.13103027641773224,1.0660838435641975,0.9926393270241851,0.05420062318444252,1.0236971996936137,0.9926393270241851,0.05707292631268501,0.2956513724790261,CPUExecutionProvider,onnxruntime,/root/workspace/MAML-Edge/deploy_artifacts/MAML_CWRU_FFT_5w10s_source012_target3_labels0123456789/MAML_CWRU_FFT_5w10s_source012_target3_labels0123456789_baseline_float.onnx,/root/workspace/MAML-Edge/deploy_artifacts/MAML_CWRU_FFT_5w10s_source012_target3_labels0123456789/MAML_CWRU_FFT_5w10s_source012_target3_labels0123456789_baseline_int8.onnx,/root/workspace/MAML-Edge/deploy_artifacts/MAML_CWRU_FFT_5w10s_source012_target3_labels0123456789/MAML_CWRU_FFT_5w10s_source012_target3_labels0123456789_prune_only_float.onnx,/root/workspace/MAML-Edge/deploy_artifacts/MAML_CWRU_FFT_5w10s_source012_target3_labels0123456789/MAML_CWRU_FFT_5w10s_source012_target3_labels0123456789_float.onnx,/root/workspace/MAML-Edge/deploy_artifacts/MAML_CWRU_FFT_5w10s_source012_target3_labels0123456789/MAML_CWRU_FFT_5w10s_source012_target3_labels0123456789_int8.onnx,,,0.230494,0.070567,0.121092,0.121092,0.042217,,,241690,73995,126974,126974,44268,,,59978,31170,0.480309446797159,0.4,"deployment-layer inference latency from compression summary, not system-layer end-to-end latency"
/root/workspace/MAML-Edge/deploy_artifacts/MAML_CWRU_FFT_5w15s_source012_target3_labels0123456789/compression_summary.json,3,MAML_CWRU_FFT_5w15s_source012_target3_labels0123456789,maml,42,CWRU,FFT,5,15,15,"0,1,2",3,"0,1,2,3,4,5,6,7,8,9","0,1,5,7,8","0,1,2,3,4,5,6,7,8,9",random_per_episode,1,classifier,onnxruntime,0.9968454258675079,deployment_int8,0.23704361989232392,0.03194331377744675,0.9424000120162964,0.2020116276293993,0.9424000120162964,0.2020116276293993,0.9637333428859711,0.1382058302173391,0.9978969505783386,0.05267229676246643,1.2062114362774337,0.9957939011566772,0.05200837180018425,0.8187201158089717,1.0,0.03570837527513504,1.0646814176838229,0.9968454258675079,0.03307163342833519,1.0204603562580048,0.9968454258675079,0.03194331377744675,0.23704361989232392,CPUExecutionProvider,onnxruntime,/root/workspace/MAML-Edge/deploy_artifacts/MAML_CWRU_FFT_5w15s_source012_target3_labels0123456789/MAML_CWRU_FFT_5w15s_source012_target3_labels0123456789_baseline_float.onnx,/root/workspace/MAML-Edge/deploy_artifacts/MAML_CWRU_FFT_5w15s_source012_target3_labels0123456789/MAML_CWRU_FFT_5w15s_source012_target3_labels0123456789_baseline_int8.onnx,/root/workspace/MAML-Edge/deploy_artifacts/MAML_CWRU_FFT_5w15s_source012_target3_labels0123456789/MAML_CWRU_FFT_5w15s_source012_target3_labels0123456789_prune_only_float.onnx,/root/workspace/MAML-Edge/deploy_artifacts/MAML_CWRU_FFT_5w15s_source012_target3_labels0123456789/MAML_CWRU_FFT_5w15s_source012_target3_labels0123456789_float.onnx,/root/workspace/MAML-Edge/deploy_artifacts/MAML_CWRU_FFT_5w15s_source012_target3_labels0123456789/MAML_CWRU_FFT_5w15s_source012_target3_labels0123456789_int8.onnx,,,0.230494,0.070567,0.121092,0.121092,0.042218,,,241690,73995,126974,126974,44269,,,59978,31170,0.480309446797159,0.4,"deployment-layer inference latency from compression summary, not system-layer end-to-end latency"
/root/workspace/MAML-Edge/deploy_artifacts/MAML_CWRU_FFT_5w5s_source012_target3_labels0123456789/compression_summary.json,3,MAML_CWRU_FFT_5w5s_source012_target3_labels0123456789,maml,42,CWRU,FFT,5,5,5,"0,1,2",3,"0,1,2,3,4,5,6,7,8,9","0,1,5,7,8","0,1,2,3,4,5,6,7,8,9",random_per_episode,1,classifier,onnxruntime,0.9947423764458465,deployment_int8,0.28705742253239347,0.02799365669488907,0.9631999933719635,0.14373682018369435,0.9631999933719635,0.14373682018369435,0.9679999923706055,0.10868783740559593,0.8748685594111462,0.2815828323364258,1.2277460007778476,0.8748685594111462,0.28160616755485535,0.5898753202644683,0.8759200841219769,0.16413874924182892,1.019709443890898,0.9947423764458465,0.02708800882101059,0.9561456645888862,0.9947423764458465,0.02799365669488907,0.28705742253239347,CPUExecutionProvider,onnxruntime,/root/workspace/MAML-Edge/deploy_artifacts/MAML_CWRU_FFT_5w5s_source012_target3_labels0123456789/MAML_CWRU_FFT_5w5s_source012_target3_labels0123456789_baseline_float.onnx,/root/workspace/MAML-Edge/deploy_artifacts/MAML_CWRU_FFT_5w5s_source012_target3_labels0123456789/MAML_CWRU_FFT_5w5s_source012_target3_labels0123456789_baseline_int8.onnx,/root/workspace/MAML-Edge/deploy_artifacts/MAML_CWRU_FFT_5w5s_source012_target3_labels0123456789/MAML_CWRU_FFT_5w5s_source012_target3_labels0123456789_prune_only_float.onnx,/root/workspace/MAML-Edge/deploy_artifacts/MAML_CWRU_FFT_5w5s_source012_target3_labels0123456789/MAML_CWRU_FFT_5w5s_source012_target3_labels0123456789_float.onnx,/root/workspace/MAML-Edge/deploy_artifacts/MAML_CWRU_FFT_5w5s_source012_target3_labels0123456789/MAML_CWRU_FFT_5w5s_source012_target3_labels0123456789_int8.onnx,,,0.230494,0.070568,0.121092,0.121092,0.042218,,,241690,73996,126974,126974,44269,,,59978,31170,0.480309446797159,0.4,"deployment-layer inference latency from compression summary, not system-layer end-to-end latency"
/root/workspace/MAML-Edge/deploy_artifacts/MAML_CWRU_STFT_5w10s_source012_target3_labels0123456789/compression_summary.json,3,MAML_CWRU_STFT_5w10s_source012_target3_labels0123456789,maml,42,CWRU,STFT,5,10,10,"0,1,2",3,"0,1,2,3,4,5,6,7,8,9","0,1,5,7,8","0,1,2,3,4,5,6,7,8,9",random_per_episode,1,classifier,onnxruntime,0.9936908517350158,deployment_int8,3.3584123724125536,0.12253536283969879,0.9887999880313874,0.1506868413090706,0.9887999880313874,0.1506868413090706,0.9875999867916108,0.15067694552242755,0.9926393270241851,0.1197207123041153,2.716386169743588,0.9926393270241851,0.12329388409852982,2.985798161316244,0.982124079915878,0.27299070358276367,2.8178228758722073,0.9936908517350158,0.11393334716558456,3.0034466516363634,0.9936908517350158,0.12253536283969879,3.3584123724125536,CPUExecutionProvider,onnxruntime,/root/workspace/MAML-Edge/deploy_artifacts/MAML_CWRU_STFT_5w10s_source012_target3_labels0123456789/MAML_CWRU_STFT_5w10s_source012_target3_labels0123456789_baseline_float.onnx,/root/workspace/MAML-Edge/deploy_artifacts/MAML_CWRU_STFT_5w10s_source012_target3_labels0123456789/MAML_CWRU_STFT_5w10s_source012_target3_labels0123456789_baseline_int8.onnx,/root/workspace/MAML-Edge/deploy_artifacts/MAML_CWRU_STFT_5w10s_source012_target3_labels0123456789/MAML_CWRU_STFT_5w10s_source012_target3_labels0123456789_prune_only_float.onnx,/root/workspace/MAML-Edge/deploy_artifacts/MAML_CWRU_STFT_5w10s_source012_target3_labels0123456789/MAML_CWRU_STFT_5w10s_source012_target3_labels0123456789_float.onnx,/root/workspace/MAML-Edge/deploy_artifacts/MAML_CWRU_STFT_5w10s_source012_target3_labels0123456789/MAML_CWRU_STFT_5w10s_source012_target3_labels0123456789_int8.onnx,,,0.436068,0.127833,0.158854,0.158854,0.056938,,,457250,134043,166570,166570,59704,,,113738,40860,0.6407533102393219,0.4,"deployment-layer inference latency from compression summary, not system-layer end-to-end latency"
/root/workspace/MAML-Edge/deploy_artifacts/MAML_CWRU_STFT_5w15s_source012_target3_labels0123456789/compression_summary.json,3,MAML_CWRU_STFT_5w15s_source012_target3_labels0123456789,maml,42,CWRU,STFT,5,15,15,"0,1,2",3,"0,1,2,3,4,5,6,7,8,9","0,1,5,7,8","0,1,2,3,4,5,6,7,8,9",random_per_episode,1,classifier,onnxruntime,0.9989484752891693,deployment_int8,3.4257346386193728,0.1000288873910904,0.9861333382129669,0.15636674575507642,0.9861333382129669,0.15636674575507642,0.9813333415985107,0.18885433964431286,0.9947423764458465,0.09119690209627151,2.715553708382335,0.9936908517350158,0.09707370400428772,2.8974940612536124,0.9926393270241851,0.4062384068965912,2.850433860510807,0.9989484752891693,0.09437277168035507,2.9551119697363473,0.9989484752891693,0.1000288873910904,3.4257346386193728,CPUExecutionProvider,onnxruntime,/root/workspace/MAML-Edge/deploy_artifacts/MAML_CWRU_STFT_5w15s_source012_target3_labels0123456789/MAML_CWRU_STFT_5w15s_source012_target3_labels0123456789_baseline_float.onnx,/root/workspace/MAML-Edge/deploy_artifacts/MAML_CWRU_STFT_5w15s_source012_target3_labels0123456789/MAML_CWRU_STFT_5w15s_source012_target3_labels0123456789_baseline_int8.onnx,/root/workspace/MAML-Edge/deploy_artifacts/MAML_CWRU_STFT_5w15s_source012_target3_labels0123456789/MAML_CWRU_STFT_5w15s_source012_target3_labels0123456789_prune_only_float.onnx,/root/workspace/MAML-Edge/deploy_artifacts/MAML_CWRU_STFT_5w15s_source012_target3_labels0123456789/MAML_CWRU_STFT_5w15s_source012_target3_labels0123456789_float.onnx,/root/workspace/MAML-Edge/deploy_artifacts/MAML_CWRU_STFT_5w15s_source012_target3_labels0123456789/MAML_CWRU_STFT_5w15s_source012_target3_labels0123456789_int8.onnx,,,0.436068,0.127833,0.158854,0.158854,0.056937,,,457250,134043,166570,166570,59703,,,113738,40860,0.6407533102393219,0.4,"deployment-layer inference latency from compression summary, not system-layer end-to-end latency"
/root/workspace/MAML-Edge/deploy_artifacts/MAML_CWRU_STFT_5w5s_source012_target3_labels0123456789/compression_summary.json,3,MAML_CWRU_STFT_5w5s_source012_target3_labels0123456789,maml,42,CWRU,STFT,5,5,5,"0,1,2",3,"0,1,2,3,4,5,6,7,8,9","0,1,5,7,8","0,1,2,3,4,5,6,7,8,9",random_per_episode,1,classifier,onnxruntime,0.9926393270241851,deployment_int8,3.223842699335326,0.15634264051914215,0.9815999913215637,0.17116588272154332,0.9815999913215637,0.17116588272154332,0.985599993467331,0.15935247272253036,0.9915878023133544,0.12093435972929001,2.899035245383826,0.9915878023133544,0.12464822828769684,2.8968059215949284,0.9621451104100947,0.3944788873195648,2.856262383706374,0.9926393270241851,0.14638005197048187,2.8078370599309226,0.9926393270241851,0.15634264051914215,3.223842699335326,CPUExecutionProvider,onnxruntime,/root/workspace/MAML-Edge/deploy_artifacts/MAML_CWRU_STFT_5w5s_source012_target3_labels0123456789/MAML_CWRU_STFT_5w5s_source012_target3_labels0123456789_baseline_float.onnx,/root/workspace/MAML-Edge/deploy_artifacts/MAML_CWRU_STFT_5w5s_source012_target3_labels0123456789/MAML_CWRU_STFT_5w5s_source012_target3_labels0123456789_baseline_int8.onnx,/root/workspace/MAML-Edge/deploy_artifacts/MAML_CWRU_STFT_5w5s_source012_target3_labels0123456789/MAML_CWRU_STFT_5w5s_source012_target3_labels0123456789_prune_only_float.onnx,/root/workspace/MAML-Edge/deploy_artifacts/MAML_CWRU_STFT_5w5s_source012_target3_labels0123456789/MAML_CWRU_STFT_5w5s_source012_target3_labels0123456789_float.onnx,/root/workspace/MAML-Edge/deploy_artifacts/MAML_CWRU_STFT_5w5s_source012_target3_labels0123456789/MAML_CWRU_STFT_5w5s_source012_target3_labels0123456789_int8.onnx,,,0.436068,0.127833,0.158854,0.158854,0.056938,,,457250,134043,166570,166570,59704,,,113738,40860,0.6407533102393219,0.4,"deployment-layer inference latency from compression summary, not system-layer end-to-end latency"
/root/workspace/MAML-Edge/deploy_artifacts/MAML_CWRU_WT_5w10s_source012_target3_labels0123456789/compression_summary.json,3,MAML_CWRU_WT_5w10s_source012_target3_labels0123456789,maml,42,CWRU,WT,5,10,10,"0,1,2",3,"0,1,2,3,4,5,6,7,8,9","0,1,5,7,8","0,1,2,3,4,5,6,7,8,9",random_per_episode,1,classifier,onnxruntime,0.9957939011566772,deployment_int8,3.3387126113150023,0.08447305858135223,0.9903999876976013,0.12539277955889702,0.9903999876976013,0.12539277955889702,0.9883999896049499,0.09537472561001778,0.9936908517350158,0.10321272909641266,2.770577515274694,0.9905362776025236,0.14152826368808746,2.9546008979045757,0.9600420609884333,0.4900745153427124,2.9191436886505375,0.9968454258675079,0.06462059170007706,2.808514390959474,0.9957939011566772,0.08447305858135223,3.3387126113150023,CPUExecutionProvider,onnxruntime,/root/workspace/MAML-Edge/deploy_artifacts/MAML_CWRU_WT_5w10s_source012_target3_labels0123456789/MAML_CWRU_WT_5w10s_source012_target3_labels0123456789_baseline_float.onnx,/root/workspace/MAML-Edge/deploy_artifacts/MAML_CWRU_WT_5w10s_source012_target3_labels0123456789/MAML_CWRU_WT_5w10s_source012_target3_labels0123456789_baseline_int8.onnx,/root/workspace/MAML-Edge/deploy_artifacts/MAML_CWRU_WT_5w10s_source012_target3_labels0123456789/MAML_CWRU_WT_5w10s_source012_target3_labels0123456789_prune_only_float.onnx,/root/workspace/MAML-Edge/deploy_artifacts/MAML_CWRU_WT_5w10s_source012_target3_labels0123456789/MAML_CWRU_WT_5w10s_source012_target3_labels0123456789_float.onnx,/root/workspace/MAML-Edge/deploy_artifacts/MAML_CWRU_WT_5w10s_source012_target3_labels0123456789/MAML_CWRU_WT_5w10s_source012_target3_labels0123456789_int8.onnx,,,0.436068,0.127833,0.158854,0.158854,0.056937,,,457250,134043,166570,166570,59703,,,113738,40860,0.6407533102393219,0.4,"deployment-layer inference latency from compression summary, not system-layer end-to-end latency"
/root/workspace/MAML-Edge/deploy_artifacts/MAML_CWRU_WT_5w15s_source012_target3_labels0123456789/compression_summary.json,3,MAML_CWRU_WT_5w15s_source012_target3_labels0123456789,maml,42,CWRU,WT,5,15,15,"0,1,2",3,"0,1,2,3,4,5,6,7,8,9","0,1,5,7,8","0,1,2,3,4,5,6,7,8,9",random_per_episode,1,classifier,onnxruntime,0.9957939011566772,deployment_int8,3.4389086949054377,0.09156766533851624,0.9920000076293946,0.0964795308560133,0.9920000076293946,0.0964795308560133,0.9914666736125946,0.09177205502986908,1.0,0.06205177679657936,2.672992258887938,0.9989484752891693,0.09927698969841003,2.792834440397038,0.9915878023133544,0.26441478729248047,2.8866822464091917,0.9957939011566772,0.0649809017777443,3.010537148258413,0.9957939011566772,0.09156766533851624,3.4389086949054377,CPUExecutionProvider,onnxruntime,/root/workspace/MAML-Edge/deploy_artifacts/MAML_CWRU_WT_5w15s_source012_target3_labels0123456789/MAML_CWRU_WT_5w15s_source012_target3_labels0123456789_baseline_float.onnx,/root/workspace/MAML-Edge/deploy_artifacts/MAML_CWRU_WT_5w15s_source012_target3_labels0123456789/MAML_CWRU_WT_5w15s_source012_target3_labels0123456789_baseline_int8.onnx,/root/workspace/MAML-Edge/deploy_artifacts/MAML_CWRU_WT_5w15s_source012_target3_labels0123456789/MAML_CWRU_WT_5w15s_source012_target3_labels0123456789_prune_only_float.onnx,/root/workspace/MAML-Edge/deploy_artifacts/MAML_CWRU_WT_5w15s_source012_target3_labels0123456789/MAML_CWRU_WT_5w15s_source012_target3_labels0123456789_float.onnx,/root/workspace/MAML-Edge/deploy_artifacts/MAML_CWRU_WT_5w15s_source012_target3_labels0123456789/MAML_CWRU_WT_5w15s_source012_target3_labels0123456789_int8.onnx,,,0.436068,0.127833,0.158854,0.158854,0.056938,,,457250,134043,166570,166570,59704,,,113738,40860,0.6407533102393219,0.4,"deployment-layer inference latency from compression summary, not system-layer end-to-end latency"
/root/workspace/MAML-Edge/deploy_artifacts/MAML_CWRU_WT_5w5s_source012_target3_labels0123456789/compression_summary.json,3,MAML_CWRU_WT_5w5s_source012_target3_labels0123456789,maml,42,CWRU,WT,5,5,5,"0,1,2",3,"0,1,2,3,4,5,6,7,8,9","0,1,5,7,8","0,1,2,3,4,5,6,7,8,9",random_per_episode,1,classifier,onnxruntime,0.982124079915878,deployment_int8,3.421324814476864,0.1006288006901741,0.9895999968051911,0.11007046692073345,0.9895999968051911,0.11007046692073345,0.9895999956130982,0.11303982734680176,0.9926393270241851,0.07904765754938126,2.596773485311324,0.9915878023133544,0.11994102597236633,2.892874757104116,0.9810725552050473,0.2274647057056427,2.942228184466482,0.9852786540483701,0.07384246587753296,2.9782120776916026,0.982124079915878,0.1006288006901741,3.421324814476864,CPUExecutionProvider,onnxruntime,/root/workspace/MAML-Edge/deploy_artifacts/MAML_CWRU_WT_5w5s_source012_target3_labels0123456789/MAML_CWRU_WT_5w5s_source012_target3_labels0123456789_baseline_float.onnx,/root/workspace/MAML-Edge/deploy_artifacts/MAML_CWRU_WT_5w5s_source012_target3_labels0123456789/MAML_CWRU_WT_5w5s_source012_target3_labels0123456789_baseline_int8.onnx,/root/workspace/MAML-Edge/deploy_artifacts/MAML_CWRU_WT_5w5s_source012_target3_labels0123456789/MAML_CWRU_WT_5w5s_source012_target3_labels0123456789_prune_only_float.onnx,/root/workspace/MAML-Edge/deploy_artifacts/MAML_CWRU_WT_5w5s_source012_target3_labels0123456789/MAML_CWRU_WT_5w5s_source012_target3_labels0123456789_float.onnx,/root/workspace/MAML-Edge/deploy_artifacts/MAML_CWRU_WT_5w5s_source012_target3_labels0123456789/MAML_CWRU_WT_5w5s_source012_target3_labels0123456789_int8.onnx,,,0.436068,0.127833,0.158854,0.158854,0.056937,,,457250,134043,166570,166570,59703,,,113738,40860,0.6407533102393219,0.4,"deployment-layer inference latency from compression summary, not system-layer end-to-end latency"
/root/workspace/MAML-Edge/deploy_artifacts/ProtoNet_CWRU_FFT_5w10s10q_source012_target3_labels0123456789/compression_summary.json,3,ProtoNet_CWRU_FFT_5w10s10q_source012_target3_labels0123456789,protonet,42,CWRU,FFT,5,10,10,"0,1,2",3,"0,1,2,3,4,5,6,7,8,9","0,1,5,7,8","0,1,2,3,4,5,6,7,8,9",random_per_episode,1,encoder_with_prototypes,onnxruntime,1.0,deployment_int8,0.2341731524899931,-0.0,0.9995999991893768,0.05918142318725586,0.9995999991893768,0.05918142318725586,0.9983999979496002,0.09938864827156067,1.0,-0.0,1.2217050302699288,1.0,-0.0,0.7366792403639428,1.0,4.3377752945161774e-07,0.9516366521439091,1.0,-0.0,1.0298987533250819,1.0,-0.0,0.2341731524899931,CPUExecutionProvider,onnxruntime,/root/workspace/MAML-Edge/deploy_artifacts/ProtoNet_CWRU_FFT_5w10s10q_source012_target3_labels0123456789/ProtoNet_CWRU_FFT_5w10s10q_source012_target3_labels0123456789_baseline_float.onnx,/root/workspace/MAML-Edge/deploy_artifacts/ProtoNet_CWRU_FFT_5w10s10q_source012_target3_labels0123456789/ProtoNet_CWRU_FFT_5w10s10q_source012_target3_labels0123456789_baseline_int8.onnx,/root/workspace/MAML-Edge/deploy_artifacts/ProtoNet_CWRU_FFT_5w10s10q_source012_target3_labels0123456789/ProtoNet_CWRU_FFT_5w10s10q_source012_target3_labels0123456789_prune_only_float.onnx,/root/workspace/MAML-Edge/deploy_artifacts/ProtoNet_CWRU_FFT_5w10s10q_source012_target3_labels0123456789/ProtoNet_CWRU_FFT_5w10s10q_source012_target3_labels0123456789_float.onnx,/root/workspace/MAML-Edge/deploy_artifacts/ProtoNet_CWRU_FFT_5w10s10q_source012_target3_labels0123456789/ProtoNet_CWRU_FFT_5w10s10q_source012_target3_labels0123456789_int8.onnx,/root/workspace/MAML-Edge/deploy_artifacts/ProtoNet_CWRU_FFT_5w10s10q_source012_target3_labels0123456789/ProtoNet_CWRU_FFT_5w10s10q_source012_target3_labels0123456789_baseline_float_prototypes.npz,/root/workspace/MAML-Edge/deploy_artifacts/ProtoNet_CWRU_FFT_5w10s10q_source012_target3_labels0123456789/ProtoNet_CWRU_FFT_5w10s10q_source012_target3_labels0123456789_float_prototypes.npz,0.073649,0.0292,0.027724,0.027724,0.016719,0.078674,0.046936,77227,30618,29071,29071,17531,82496,49216,19008,6840,0.6401515151515151,0.4,"deployment-layer inference latency from compression summary, not system-layer end-to-end latency"
/root/workspace/MAML-Edge/deploy_artifacts/ProtoNet_CWRU_FFT_5w15s15q_source012_target3_labels0123456789/compression_summary.json,3,ProtoNet_CWRU_FFT_5w15s15q_source012_target3_labels0123456789,protonet,42,CWRU,FFT,5,15,15,"0,1,2",3,"0,1,2,3,4,5,6,7,8,9","0,1,5,7,8","0,1,2,3,4,5,6,7,8,9",random_per_episode,1,encoder_with_prototypes,onnxruntime,1.0,deployment_int8,0.21820861481905734,-0.0,1.0,0.0,1.0,0.0,1.0,0.0,1.0,-0.0,1.2074578249852488,1.0,-0.0,0.6035761535559417,1.0,5.891528598311879e-09,0.9476774608173831,1.0,-0.0,1.0071701373117579,1.0,-0.0,0.21820861481905734,CPUExecutionProvider,onnxruntime,/root/workspace/MAML-Edge/deploy_artifacts/ProtoNet_CWRU_FFT_5w15s15q_source012_target3_labels0123456789/ProtoNet_CWRU_FFT_5w15s15q_source012_target3_labels0123456789_baseline_float.onnx,/root/workspace/MAML-Edge/deploy_artifacts/ProtoNet_CWRU_FFT_5w15s15q_source012_target3_labels0123456789/ProtoNet_CWRU_FFT_5w15s15q_source012_target3_labels0123456789_baseline_int8.onnx,/root/workspace/MAML-Edge/deploy_artifacts/ProtoNet_CWRU_FFT_5w15s15q_source012_target3_labels0123456789/ProtoNet_CWRU_FFT_5w15s15q_source012_target3_labels0123456789_prune_only_float.onnx,/root/workspace/MAML-Edge/deploy_artifacts/ProtoNet_CWRU_FFT_5w15s15q_source012_target3_labels0123456789/ProtoNet_CWRU_FFT_5w15s15q_source012_target3_labels0123456789_float.onnx,/root/workspace/MAML-Edge/deploy_artifacts/ProtoNet_CWRU_FFT_5w15s15q_source012_target3_labels0123456789/ProtoNet_CWRU_FFT_5w15s15q_source012_target3_labels0123456789_int8.onnx,/root/workspace/MAML-Edge/deploy_artifacts/ProtoNet_CWRU_FFT_5w15s15q_source012_target3_labels0123456789/ProtoNet_CWRU_FFT_5w15s15q_source012_target3_labels0123456789_baseline_float_prototypes.npz,/root/workspace/MAML-Edge/deploy_artifacts/ProtoNet_CWRU_FFT_5w15s15q_source012_target3_labels0123456789/ProtoNet_CWRU_FFT_5w15s15q_source012_target3_labels0123456789_float_prototypes.npz,0.073649,0.0292,0.027724,0.027724,0.016719,0.078674,0.046936,77227,30618,29071,29071,17531,82496,49216,19008,6840,0.6401515151515151,0.4,"deployment-layer inference latency from compression summary, not system-layer end-to-end latency"
/root/workspace/MAML-Edge/deploy_artifacts/ProtoNet_CWRU_FFT_5w5s5q_source012_target3_labels0123456789/compression_summary.json,3,ProtoNet_CWRU_FFT_5w5s5q_source012_target3_labels0123456789,protonet,42,CWRU,FFT,5,5,5,"0,1,2",3,"0,1,2,3,4,5,6,7,8,9","0,1,5,7,8","0,1,2,3,4,5,6,7,8,9",random_per_episode,1,encoder_with_prototypes,onnxruntime,1.0,deployment_int8,0.21467624539675897,-0.0,0.9991999995708466,0.03700488328933716,0.9991999995708466,0.03700488328933716,1.0,0.0,1.0,-0.0,1.2037781704722519,1.0,-0.0,0.6044704886202306,1.0,-0.0,0.9522410354466343,1.0,-0.0,0.9414530452242911,1.0,-0.0,0.21467624539675897,CPUExecutionProvider,onnxruntime,/root/workspace/MAML-Edge/deploy_artifacts/ProtoNet_CWRU_FFT_5w5s5q_source012_target3_labels0123456789/ProtoNet_CWRU_FFT_5w5s5q_source012_target3_labels0123456789_baseline_float.onnx,/root/workspace/MAML-Edge/deploy_artifacts/ProtoNet_CWRU_FFT_5w5s5q_source012_target3_labels0123456789/ProtoNet_CWRU_FFT_5w5s5q_source012_target3_labels0123456789_baseline_int8.onnx,/root/workspace/MAML-Edge/deploy_artifacts/ProtoNet_CWRU_FFT_5w5s5q_source012_target3_labels0123456789/ProtoNet_CWRU_FFT_5w5s5q_source012_target3_labels0123456789_prune_only_float.onnx,/root/workspace/MAML-Edge/deploy_artifacts/ProtoNet_CWRU_FFT_5w5s5q_source012_target3_labels0123456789/ProtoNet_CWRU_FFT_5w5s5q_source012_target3_labels0123456789_float.onnx,/root/workspace/MAML-Edge/deploy_artifacts/ProtoNet_CWRU_FFT_5w5s5q_source012_target3_labels0123456789/ProtoNet_CWRU_FFT_5w5s5q_source012_target3_labels0123456789_int8.onnx,/root/workspace/MAML-Edge/deploy_artifacts/ProtoNet_CWRU_FFT_5w5s5q_source012_target3_labels0123456789/ProtoNet_CWRU_FFT_5w5s5q_source012_target3_labels0123456789_baseline_float_prototypes.npz,/root/workspace/MAML-Edge/deploy_artifacts/ProtoNet_CWRU_FFT_5w5s5q_source012_target3_labels0123456789/ProtoNet_CWRU_FFT_5w5s5q_source012_target3_labels0123456789_float_prototypes.npz,0.073649,0.0292,0.027724,0.027724,0.016719,0.078674,0.046936,77227,30618,29071,29071,17531,82496,49216,19008,6840,0.6401515151515151,0.4,"deployment-layer inference latency from compression summary, not system-layer end-to-end latency"
/root/workspace/MAML-Edge/deploy_artifacts/ProtoNet_CWRU_STFT_5w10s10q_source012_target3_labels0123456789/compression_summary.json,3,ProtoNet_CWRU_STFT_5w10s10q_source012_target3_labels0123456789,protonet,42,CWRU,STFT,5,10,10,"0,1,2",3,"0,1,2,3,4,5,6,7,8,9","0,1,5,7,8","0,1,2,3,4,5,6,7,8,9",random_per_episode,1,encoder_with_prototypes,onnxruntime,1.0,deployment_int8,3.256217603984002,0.000898214231710881,0.9975999963283538,0.006589670989449133,0.9975999963283538,0.006589670989449133,0.9987999975681305,0.004065451499559458,1.0,0.0011828665155917406,2.7675891146220493,1.0,0.0011393716558814049,2.8120200262335446,0.9695057833859095,1.2370198965072632,2.7924100902679716,1.0,0.000973690184764564,2.9702401454594733,1.0,0.000898214231710881,3.256217603984002,CPUExecutionProvider,onnxruntime,/root/workspace/MAML-Edge/deploy_artifacts/ProtoNet_CWRU_STFT_5w10s10q_source012_target3_labels0123456789/ProtoNet_CWRU_STFT_5w10s10q_source012_target3_labels0123456789_baseline_float.onnx,/root/workspace/MAML-Edge/deploy_artifacts/ProtoNet_CWRU_STFT_5w10s10q_source012_target3_labels0123456789/ProtoNet_CWRU_STFT_5w10s10q_source012_target3_labels0123456789_baseline_int8.onnx,/root/workspace/MAML-Edge/deploy_artifacts/ProtoNet_CWRU_STFT_5w10s10q_source012_target3_labels0123456789/ProtoNet_CWRU_STFT_5w10s10q_source012_target3_labels0123456789_prune_only_float.onnx,/root/workspace/MAML-Edge/deploy_artifacts/ProtoNet_CWRU_STFT_5w10s10q_source012_target3_labels0123456789/ProtoNet_CWRU_STFT_5w10s10q_source012_target3_labels0123456789_float.onnx,/root/workspace/MAML-Edge/deploy_artifacts/ProtoNet_CWRU_STFT_5w10s10q_source012_target3_labels0123456789/ProtoNet_CWRU_STFT_5w10s10q_source012_target3_labels0123456789_int8.onnx,/root/workspace/MAML-Edge/deploy_artifacts/ProtoNet_CWRU_STFT_5w10s10q_source012_target3_labels0123456789/ProtoNet_CWRU_STFT_5w10s10q_source012_target3_labels0123456789_baseline_float_prototypes.npz,/root/workspace/MAML-Edge/deploy_artifacts/ProtoNet_CWRU_STFT_5w10s10q_source012_target3_labels0123456789/ProtoNet_CWRU_STFT_5w10s10q_source012_target3_labels0123456789_float_prototypes.npz,0.432983,0.124686,0.156761,0.156761,0.054038,0.00177,0.001274,454016,130743,164376,164376,56663,1856,1336,113088,40470,0.6421370967741935,0.4,"deployment-layer inference latency from compression summary, not system-layer end-to-end latency"
/root/workspace/MAML-Edge/deploy_artifacts/ProtoNet_CWRU_STFT_5w15s15q_source012_target3_labels0123456789/compression_summary.json,3,ProtoNet_CWRU_STFT_5w15s15q_source012_target3_labels0123456789,protonet,42,CWRU,STFT,5,15,15,"0,1,2",3,"0,1,2,3,4,5,6,7,8,9","0,1,5,7,8","0,1,2,3,4,5,6,7,8,9",random_per_episode,1,encoder_with_prototypes,onnxruntime,1.0,deployment_int8,3.4353232361791513,0.0002990395005326718,0.9981333351135254,0.005813046300131646,0.9981333351135254,0.005813046300131646,0.998933334350586,0.004265575250192341,1.0,0.0005406474811024964,2.7290294348378787,1.0,0.000511246791575104,2.855692409394166,0.9758149316508938,1.1442272663116455,3.006039822883473,1.0,0.0004438695905264467,3.130680231179662,1.0,0.0002990395005326718,3.4353232361791513,CPUExecutionProvider,onnxruntime,/root/workspace/MAML-Edge/deploy_artifacts/ProtoNet_CWRU_STFT_5w15s15q_source012_target3_labels0123456789/ProtoNet_CWRU_STFT_5w15s15q_source012_target3_labels0123456789_baseline_float.onnx,/root/workspace/MAML-Edge/deploy_artifacts/ProtoNet_CWRU_STFT_5w15s15q_source012_target3_labels0123456789/ProtoNet_CWRU_STFT_5w15s15q_source012_target3_labels0123456789_baseline_int8.onnx,/root/workspace/MAML-Edge/deploy_artifacts/ProtoNet_CWRU_STFT_5w15s15q_source012_target3_labels0123456789/ProtoNet_CWRU_STFT_5w15s15q_source012_target3_labels0123456789_prune_only_float.onnx,/root/workspace/MAML-Edge/deploy_artifacts/ProtoNet_CWRU_STFT_5w15s15q_source012_target3_labels0123456789/ProtoNet_CWRU_STFT_5w15s15q_source012_target3_labels0123456789_float.onnx,/root/workspace/MAML-Edge/deploy_artifacts/ProtoNet_CWRU_STFT_5w15s15q_source012_target3_labels0123456789/ProtoNet_CWRU_STFT_5w15s15q_source012_target3_labels0123456789_int8.onnx,/root/workspace/MAML-Edge/deploy_artifacts/ProtoNet_CWRU_STFT_5w15s15q_source012_target3_labels0123456789/ProtoNet_CWRU_STFT_5w15s15q_source012_target3_labels0123456789_baseline_float_prototypes.npz,/root/workspace/MAML-Edge/deploy_artifacts/ProtoNet_CWRU_STFT_5w15s15q_source012_target3_labels0123456789/ProtoNet_CWRU_STFT_5w15s15q_source012_target3_labels0123456789_float_prototypes.npz,0.432983,0.124686,0.156761,0.156761,0.054038,0.00177,0.001274,454016,130743,164376,164376,56663,1856,1336,113088,40470,0.6421370967741935,0.4,"deployment-layer inference latency from compression summary, not system-layer end-to-end latency"
/root/workspace/MAML-Edge/deploy_artifacts/ProtoNet_CWRU_STFT_5w5s5q_source012_target3_labels0123456789/compression_summary.json,3,ProtoNet_CWRU_STFT_5w5s5q_source012_target3_labels0123456789,protonet,42,CWRU,STFT,5,5,5,"0,1,2",3,"0,1,2,3,4,5,6,7,8,9","0,1,5,7,8","0,1,2,3,4,5,6,7,8,9",random_per_episode,1,encoder_with_prototypes,onnxruntime,1.0,deployment_int8,3.3255744476721363,0.0009573460556566715,0.9959999978542328,0.017348210885111258,0.9959999978542328,0.017348210885111258,0.9975999987125397,0.008765167083374763,1.0,0.004404995124787092,2.726365020841391,1.0,0.004613536410033703,2.894086965000341,0.9789695057833859,1.2803564071655273,2.8824437229446556,1.0,0.00111229601316154,2.8258804985949793,1.0,0.0009573460556566715,3.3255744476721363,CPUExecutionProvider,onnxruntime,/root/workspace/MAML-Edge/deploy_artifacts/ProtoNet_CWRU_STFT_5w5s5q_source012_target3_labels0123456789/ProtoNet_CWRU_STFT_5w5s5q_source012_target3_labels0123456789_baseline_float.onnx,/root/workspace/MAML-Edge/deploy_artifacts/ProtoNet_CWRU_STFT_5w5s5q_source012_target3_labels0123456789/ProtoNet_CWRU_STFT_5w5s5q_source012_target3_labels0123456789_baseline_int8.onnx,/root/workspace/MAML-Edge/deploy_artifacts/ProtoNet_CWRU_STFT_5w5s5q_source012_target3_labels0123456789/ProtoNet_CWRU_STFT_5w5s5q_source012_target3_labels0123456789_prune_only_float.onnx,/root/workspace/MAML-Edge/deploy_artifacts/ProtoNet_CWRU_STFT_5w5s5q_source012_target3_labels0123456789/ProtoNet_CWRU_STFT_5w5s5q_source012_target3_labels0123456789_float.onnx,/root/workspace/MAML-Edge/deploy_artifacts/ProtoNet_CWRU_STFT_5w5s5q_source012_target3_labels0123456789/ProtoNet_CWRU_STFT_5w5s5q_source012_target3_labels0123456789_int8.onnx,/root/workspace/MAML-Edge/deploy_artifacts/ProtoNet_CWRU_STFT_5w5s5q_source012_target3_labels0123456789/ProtoNet_CWRU_STFT_5w5s5q_source012_target3_labels0123456789_baseline_float_prototypes.npz,/root/workspace/MAML-Edge/deploy_artifacts/ProtoNet_CWRU_STFT_5w5s5q_source012_target3_labels0123456789/ProtoNet_CWRU_STFT_5w5s5q_source012_target3_labels0123456789_float_prototypes.npz,0.432983,0.124686,0.156761,0.156761,0.054038,0.00177,0.001274,454016,130743,164376,164376,56663,1856,1336,113088,40470,0.6421370967741935,0.4,"deployment-layer inference latency from compression summary, not system-layer end-to-end latency"
/root/workspace/MAML-Edge/deploy_artifacts/ProtoNet_CWRU_WT_5w10s10q_source012_target3_labels0123456789/compression_summary.json,3,ProtoNet_CWRU_WT_5w10s10q_source012_target3_labels0123456789,protonet,42,CWRU,WT,5,10,10,"0,1,2",3,"0,1,2,3,4,5,6,7,8,9","0,1,5,7,8","0,1,2,3,4,5,6,7,8,9",random_per_episode,1,encoder_with_prototypes,onnxruntime,0.9116719242902208,deployment_int8,3.2089944952387914,0.30286821722984314,0.9947999930381775,0.009863817937948625,0.9947999930381775,0.009863817937948625,0.9983999967575073,0.005597753660586022,1.0,0.0013604691484943032,2.624381522596133,0.9894847528916929,0.032790787518024445,2.8391793070578424,0.9505783385909569,1.3965941667556763,2.844704595148626,1.0,0.0035386348608881235,2.6663004349208155,0.9116719242902208,0.30286821722984314,3.2089944952387914,CPUExecutionProvider,onnxruntime,/root/workspace/MAML-Edge/deploy_artifacts/ProtoNet_CWRU_WT_5w10s10q_source012_target3_labels0123456789/ProtoNet_CWRU_WT_5w10s10q_source012_target3_labels0123456789_baseline_float.onnx,/root/workspace/MAML-Edge/deploy_artifacts/ProtoNet_CWRU_WT_5w10s10q_source012_target3_labels0123456789/ProtoNet_CWRU_WT_5w10s10q_source012_target3_labels0123456789_baseline_int8.onnx,/root/workspace/MAML-Edge/deploy_artifacts/ProtoNet_CWRU_WT_5w10s10q_source012_target3_labels0123456789/ProtoNet_CWRU_WT_5w10s10q_source012_target3_labels0123456789_prune_only_float.onnx,/root/workspace/MAML-Edge/deploy_artifacts/ProtoNet_CWRU_WT_5w10s10q_source012_target3_labels0123456789/ProtoNet_CWRU_WT_5w10s10q_source012_target3_labels0123456789_float.onnx,/root/workspace/MAML-Edge/deploy_artifacts/ProtoNet_CWRU_WT_5w10s10q_source012_target3_labels0123456789/ProtoNet_CWRU_WT_5w10s10q_source012_target3_labels0123456789_int8.onnx,/root/workspace/MAML-Edge/deploy_artifacts/ProtoNet_CWRU_WT_5w10s10q_source012_target3_labels0123456789/ProtoNet_CWRU_WT_5w10s10q_source012_target3_labels0123456789_baseline_float_prototypes.npz,/root/workspace/MAML-Edge/deploy_artifacts/ProtoNet_CWRU_WT_5w10s10q_source012_target3_labels0123456789/ProtoNet_CWRU_WT_5w10s10q_source012_target3_labels0123456789_float_prototypes.npz,0.432983,0.124686,0.156761,0.156761,0.054038,0.00177,0.001274,454016,130743,164376,164376,56663,1856,1336,113088,40470,0.6421370967741935,0.4,"deployment-layer inference latency from compression summary, not system-layer end-to-end latency"
/root/workspace/MAML-Edge/deploy_artifacts/ProtoNet_CWRU_WT_5w15s15q_source012_target3_labels0123456789/compression_summary.json,3,ProtoNet_CWRU_WT_5w15s15q_source012_target3_labels0123456789,protonet,42,CWRU,WT,5,15,15,"0,1,2",3,"0,1,2,3,4,5,6,7,8,9","0,1,5,7,8","0,1,2,3,4,5,6,7,8,9",random_per_episode,1,encoder_with_prototypes,onnxruntime,0.7455310199789695,deployment_int8,3.0418634688879287,1.4254562854766846,0.9968000030517579,0.009567496574891265,0.9968000030517579,0.009567496574891265,0.9960000038146972,0.013249421164537124,0.9989484752891693,0.006452128291130066,2.414775070206475,0.9947423764458465,0.015643049031496048,2.6797376128479637,0.964248159831756,1.303420901298523,2.6852728654047793,0.9947423764458465,0.012345912866294384,2.7746079797091667,0.7455310199789695,1.4254562854766846,3.0418634688879287,CPUExecutionProvider,onnxruntime,/root/workspace/MAML-Edge/deploy_artifacts/ProtoNet_CWRU_WT_5w15s15q_source012_target3_labels0123456789/ProtoNet_CWRU_WT_5w15s15q_source012_target3_labels0123456789_baseline_float.onnx,/root/workspace/MAML-Edge/deploy_artifacts/ProtoNet_CWRU_WT_5w15s15q_source012_target3_labels0123456789/ProtoNet_CWRU_WT_5w15s15q_source012_target3_labels0123456789_baseline_int8.onnx,/root/workspace/MAML-Edge/deploy_artifacts/ProtoNet_CWRU_WT_5w15s15q_source012_target3_labels0123456789/ProtoNet_CWRU_WT_5w15s15q_source012_target3_labels0123456789_prune_only_float.onnx,/root/workspace/MAML-Edge/deploy_artifacts/ProtoNet_CWRU_WT_5w15s15q_source012_target3_labels0123456789/ProtoNet_CWRU_WT_5w15s15q_source012_target3_labels0123456789_float.onnx,/root/workspace/MAML-Edge/deploy_artifacts/ProtoNet_CWRU_WT_5w15s15q_source012_target3_labels0123456789/ProtoNet_CWRU_WT_5w15s15q_source012_target3_labels0123456789_int8.onnx,/root/workspace/MAML-Edge/deploy_artifacts/ProtoNet_CWRU_WT_5w15s15q_source012_target3_labels0123456789/ProtoNet_CWRU_WT_5w15s15q_source012_target3_labels0123456789_baseline_float_prototypes.npz,/root/workspace/MAML-Edge/deploy_artifacts/ProtoNet_CWRU_WT_5w15s15q_source012_target3_labels0123456789/ProtoNet_CWRU_WT_5w15s15q_source012_target3_labels0123456789_float_prototypes.npz,0.432983,0.124686,0.156761,0.156761,0.054038,0.00177,0.001274,454016,130743,164376,164376,56663,1856,1336,113088,40470,0.6421370967741935,0.4,"deployment-layer inference latency from compression summary, not system-layer end-to-end latency"
/root/workspace/MAML-Edge/deploy_artifacts/ProtoNet_CWRU_WT_5w5s5q_source012_target3_labels0123456789/compression_summary.json,3,ProtoNet_CWRU_WT_5w5s5q_source012_target3_labels0123456789,protonet,42,CWRU,WT,5,5,5,"0,1,2",3,"0,1,2,3,4,5,6,7,8,9","0,1,5,7,8","0,1,2,3,4,5,6,7,8,9",random_per_episode,1,encoder_with_prototypes,onnxruntime,0.8633017875920084,deployment_int8,3.236233190164268,0.40693262219429016,0.9975999987125397,0.006510236617687042,0.9975999987125397,0.006510236617687042,0.9951999974250794,0.014959207207939472,0.9978969505783386,0.007515223231166601,2.630773588983669,0.9957939011566772,0.016754237934947014,2.772081723646285,0.9474237644584648,1.3814866542816162,2.8054461756683926,0.9936908517350158,0.01802915520966053,2.837510745224203,0.8633017875920084,0.40693262219429016,3.236233190164268,CPUExecutionProvider,onnxruntime,/root/workspace/MAML-Edge/deploy_artifacts/ProtoNet_CWRU_WT_5w5s5q_source012_target3_labels0123456789/ProtoNet_CWRU_WT_5w5s5q_source012_target3_labels0123456789_baseline_float.onnx,/root/workspace/MAML-Edge/deploy_artifacts/ProtoNet_CWRU_WT_5w5s5q_source012_target3_labels0123456789/ProtoNet_CWRU_WT_5w5s5q_source012_target3_labels0123456789_baseline_int8.onnx,/root/workspace/MAML-Edge/deploy_artifacts/ProtoNet_CWRU_WT_5w5s5q_source012_target3_labels0123456789/ProtoNet_CWRU_WT_5w5s5q_source012_target3_labels0123456789_prune_only_float.onnx,/root/workspace/MAML-Edge/deploy_artifacts/ProtoNet_CWRU_WT_5w5s5q_source012_target3_labels0123456789/ProtoNet_CWRU_WT_5w5s5q_source012_target3_labels0123456789_float.onnx,/root/workspace/MAML-Edge/deploy_artifacts/ProtoNet_CWRU_WT_5w5s5q_source012_target3_labels0123456789/ProtoNet_CWRU_WT_5w5s5q_source012_target3_labels0123456789_int8.onnx,/root/workspace/MAML-Edge/deploy_artifacts/ProtoNet_CWRU_WT_5w5s5q_source012_target3_labels0123456789/ProtoNet_CWRU_WT_5w5s5q_source012_target3_labels0123456789_baseline_float_prototypes.npz,/root/workspace/MAML-Edge/deploy_artifacts/ProtoNet_CWRU_WT_5w5s5q_source012_target3_labels0123456789/ProtoNet_CWRU_WT_5w5s5q_source012_target3_labels0123456789_float_prototypes.npz,0.432983,0.124686,0.156761,0.156761,0.054038,0.00177,0.001274,454016,130743,164376,164376,56663,1856,1336,113088,40470,0.6421370967741935,0.4,"deployment-layer inference latency from compression summary, not system-layer end-to-end latency"
